[
    {
        "model": "admin.logentry",
        "pk": 1,
        "fields": {
            "action_time": "2025-11-17T10:57:21.861Z",
            "user": 18,
            "content_type": 9,
            "object_id": "17",
            "object_repr": "tufanbaid182@gmail.com",
            "action_flag": 2,
            "change_message": "[{\"changed\": {\"fields\": [\"First name\", \"Last name\"]}}]"
        }
    },
    {
        "model": "admin.logentry",
        "pk": 2,
        "fields": {
            "action_time": "2025-11-17T10:57:37.377Z",
            "user": 18,
            "content_type": 9,
            "object_id": "15",
            "object_repr": "tufanbaid18@gmail.com",
            "action_flag": 2,
            "change_message": "[{\"changed\": {\"fields\": [\"Staff status\", \"Superuser status\"]}}]"
        }
    },
    {
        "model": "admin.logentry",
        "pk": 3,
        "fields": {
            "action_time": "2025-11-17T11:02:34.502Z",
            "user": 18,
            "content_type": 9,
            "object_id": "19",
            "object_repr": "tufanbaid183@gmail.com",
            "action_flag": 1,
            "change_message": "[{\"added\": {}}]"
        }
    },
    {
        "model": "admin.logentry",
        "pk": 4,
        "fields": {
            "action_time": "2025-11-17T11:07:10.350Z",
            "user": 18,
            "content_type": 9,
            "object_id": "19",
            "object_repr": "tufanbaid183@gmail.com",
            "action_flag": 2,
            "change_message": "[{\"changed\": {\"fields\": [\"First name\", \"Last name\", \"Role\"]}}]"
        }
    },
    {
        "model": "admin.logentry",
        "pk": 5,
        "fields": {
            "action_time": "2025-11-17T11:08:32.890Z",
            "user": 18,
            "content_type": 9,
            "object_id": "16",
            "object_repr": "tufanbaid181@gmail.com",
            "action_flag": 2,
            "change_message": "[{\"changed\": {\"fields\": [\"Role\"]}}]"
        }
    },
    {
        "model": "admin.logentry",
        "pk": 6,
        "fields": {
            "action_time": "2025-11-17T11:09:11.374Z",
            "user": 18,
            "content_type": 9,
            "object_id": "16",
            "object_repr": "tufanbaid181@gmail.com",
            "action_flag": 2,
            "change_message": "[{\"changed\": {\"fields\": [\"Role\"]}}]"
        }
    },
    {
        "model": "admin.logentry",
        "pk": 7,
        "fields": {
            "action_time": "2025-11-17T11:12:55.506Z",
            "user": 18,
            "content_type": 9,
            "object_id": "16",
            "object_repr": "tufanbaid181@gmail.com",
            "action_flag": 2,
            "change_message": "[{\"changed\": {\"fields\": [\"Role\"]}}]"
        }
    },
    {
        "model": "admin.logentry",
        "pk": 8,
        "fields": {
            "action_time": "2025-11-17T12:41:46.527Z",
            "user": 18,
            "content_type": 9,
            "object_id": "16",
            "object_repr": "tufanbaid181@gmail.com",
            "action_flag": 2,
            "change_message": "[{\"changed\": {\"fields\": [\"Role\"]}}]"
        }
    },
    {
        "model": "admin.logentry",
        "pk": 9,
        "fields": {
            "action_time": "2025-11-17T12:42:14.009Z",
            "user": 18,
            "content_type": 9,
            "object_id": "16",
            "object_repr": "tufanbaid181@gmail.com",
            "action_flag": 2,
            "change_message": "[{\"changed\": {\"fields\": [\"Role\"]}}]"
        }
    },
    {
        "model": "admin.logentry",
        "pk": 10,
        "fields": {
            "action_time": "2025-11-18T05:16:12.875Z",
            "user": 18,
            "content_type": 9,
            "object_id": "17",
            "object_repr": "tufanbaid182@gmail.com",
            "action_flag": 2,
            "change_message": "[{\"changed\": {\"fields\": [\"Role\"]}}]"
        }
    },
    {
        "model": "admin.logentry",
        "pk": 11,
        "fields": {
            "action_time": "2025-11-18T05:18:03.775Z",
            "user": 18,
            "content_type": 9,
            "object_id": "15",
            "object_repr": "tufanbaid18@gmail.com",
            "action_flag": 2,
            "change_message": "[{\"changed\": {\"fields\": [\"Role\"]}}]"
        }
    },
    {
        "model": "admin.logentry",
        "pk": 12,
        "fields": {
            "action_time": "2025-11-18T05:19:07.136Z",
            "user": 18,
            "content_type": 9,
            "object_id": "15",
            "object_repr": "tufanbaid18@gmail.com",
            "action_flag": 2,
            "change_message": "[{\"changed\": {\"fields\": [\"Role\"]}}]"
        }
    },
    {
        "model": "admin.logentry",
        "pk": 13,
        "fields": {
            "action_time": "2025-11-18T05:19:19.732Z",
            "user": 18,
            "content_type": 9,
            "object_id": "17",
            "object_repr": "tufanbaid182@gmail.com",
            "action_flag": 2,
            "change_message": "[{\"changed\": {\"fields\": [\"Role\"]}}]"
        }
    },
    {
        "model": "admin.logentry",
        "pk": 14,
        "fields": {
            "action_time": "2025-11-19T10:27:21.169Z",
            "user": 18,
            "content_type": 9,
            "object_id": "17",
            "object_repr": "tufanbaid182@gmail.com",
            "action_flag": 2,
            "change_message": "[{\"changed\": {\"fields\": [\"Role\"]}}]"
        }
    },
    {
        "model": "admin.logentry",
        "pk": 15,
        "fields": {
            "action_time": "2025-11-24T12:12:14.887Z",
            "user": 18,
            "content_type": 9,
            "object_id": "16",
            "object_repr": "tufanbaid181@gmail.com",
            "action_flag": 2,
            "change_message": "[{\"changed\": {\"fields\": [\"Role\"]}}]"
        }
    },
    {
        "model": "admin.logentry",
        "pk": 16,
        "fields": {
            "action_time": "2025-11-24T12:12:26.608Z",
            "user": 18,
            "content_type": 9,
            "object_id": "17",
            "object_repr": "tufanbaid182@gmail.com",
            "action_flag": 2,
            "change_message": "[{\"changed\": {\"fields\": [\"Role\"]}}]"
        }
    },
    {
        "model": "admin.logentry",
        "pk": 17,
        "fields": {
            "action_time": "2025-11-24T12:55:11.724Z",
            "user": 18,
            "content_type": 8,
            "object_id": "10",
            "object_repr": "10 - GATC 2025",
            "action_flag": 1,
            "change_message": "[{\"added\": {}}]"
        }
    },
    {
        "model": "admin.logentry",
        "pk": 18,
        "fields": {
            "action_time": "2025-11-24T12:56:04.607Z",
            "user": 18,
            "content_type": 9,
            "object_id": "16",
            "object_repr": "tufanbaid181@gmail.com",
            "action_flag": 2,
            "change_message": "[]"
        }
    },
    {
        "model": "admin.logentry",
        "pk": 19,
        "fields": {
            "action_time": "2025-11-24T13:02:40.766Z",
            "user": 18,
            "content_type": 8,
            "object_id": "11",
            "object_repr": "11 - GATC 2026",
            "action_flag": 1,
            "change_message": "[{\"added\": {}}]"
        }
    },
    {
        "model": "admin.logentry",
        "pk": 20,
        "fields": {
            "action_time": "2025-11-24T13:02:58.194Z",
            "user": 18,
            "content_type": 10,
            "object_id": "7",
            "object_repr": "Member 7: tufanbaid183@gmail.com -> GATC 2025 (speaker)",
            "action_flag": 1,
            "change_message": "[{\"added\": {}}]"
        }
    },
    {
        "model": "admin.logentry",
        "pk": 21,
        "fields": {
            "action_time": "2025-11-24T13:03:09.692Z",
            "user": 18,
            "content_type": 10,
            "object_id": "8",
            "object_repr": "Member 8: tufanbaid183@gmail.com -> GATC 2026 (speaker)",
            "action_flag": 1,
            "change_message": "[{\"added\": {}}]"
        }
    },
    {
        "model": "admin.logentry",
        "pk": 22,
        "fields": {
            "action_time": "2025-11-25T07:40:45.396Z",
            "user": 18,
            "content_type": 9,
            "object_id": "17",
            "object_repr": "tufanbaid182@gmail.com",
            "action_flag": 2,
            "change_message": "[{\"changed\": {\"fields\": [\"Role\"]}}]"
        }
    },
    {
        "model": "admin.logentry",
        "pk": 23,
        "fields": {
            "action_time": "2025-11-25T08:30:52.212Z",
            "user": 18,
            "content_type": 9,
            "object_id": "20",
            "object_repr": "tufanbaid184@gmail.com",
            "action_flag": 1,
            "change_message": "[{\"added\": {}}]"
        }
    },
    {
        "model": "admin.logentry",
        "pk": 24,
        "fields": {
            "action_time": "2025-11-25T08:31:05.547Z",
            "user": 18,
            "content_type": 9,
            "object_id": "20",
            "object_repr": "tufanbaid184@gmail.com",
            "action_flag": 2,
            "change_message": "[{\"changed\": {\"fields\": [\"First name\", \"Last name\"]}}]"
        }
    },
    {
        "model": "admin.logentry",
        "pk": 25,
        "fields": {
            "action_time": "2025-11-25T08:39:16.721Z",
            "user": 18,
            "content_type": 9,
            "object_id": "21",
            "object_repr": "tufanbaid185@gmail.com",
            "action_flag": 1,
            "change_message": "[{\"added\": {}}]"
        }
    },
    {
        "model": "admin.logentry",
        "pk": 26,
        "fields": {
            "action_time": "2025-11-25T08:39:31.660Z",
            "user": 18,
            "content_type": 9,
            "object_id": "21",
            "object_repr": "tufanbaid185@gmail.com",
            "action_flag": 2,
            "change_message": "[{\"changed\": {\"fields\": [\"First name\", \"Last name\"]}}]"
        }
    },
    {
        "model": "admin.logentry",
        "pk": 27,
        "fields": {
            "action_time": "2025-11-25T12:45:19.846Z",
            "user": 18,
            "content_type": 9,
            "object_id": "22",
            "object_repr": "tufanbaid186@gmail.com",
            "action_flag": 1,
            "change_message": "[{\"added\": {}}]"
        }
    },
    {
        "model": "admin.logentry",
        "pk": 28,
        "fields": {
            "action_time": "2025-11-25T12:45:44.958Z",
            "user": 18,
            "content_type": 9,
            "object_id": "22",
            "object_repr": "tufanbaid186@gmail.com",
            "action_flag": 2,
            "change_message": "[{\"changed\": {\"fields\": [\"First name\", \"Last name\"]}}]"
        }
    },
    {
        "model": "admin.logentry",
        "pk": 29,
        "fields": {
            "action_time": "2025-11-25T12:57:34.167Z",
            "user": 18,
            "content_type": 9,
            "object_id": "23",
            "object_repr": "tufanbaid187@gmail.com",
            "action_flag": 1,
            "change_message": "[{\"added\": {}}]"
        }
    },
    {
        "model": "admin.logentry",
        "pk": 30,
        "fields": {
            "action_time": "2025-11-25T12:57:50.964Z",
            "user": 18,
            "content_type": 9,
            "object_id": "23",
            "object_repr": "tufanbaid187@gmail.com",
            "action_flag": 2,
            "change_message": "[{\"changed\": {\"fields\": [\"First name\", \"Last name\"]}}]"
        }
    },
    {
        "model": "admin.logentry",
        "pk": 31,
        "fields": {
            "action_time": "2025-11-26T07:37:08.042Z",
            "user": 18,
            "content_type": 9,
            "object_id": "23",
            "object_repr": "tufanbaid187@gmail.com",
            "action_flag": 2,
            "change_message": "[{\"changed\": {\"fields\": [\"Role\"]}}]"
        }
    },
    {
        "model": "admin.logentry",
        "pk": 32,
        "fields": {
            "action_time": "2025-11-26T07:37:15.675Z",
            "user": 18,
            "content_type": 9,
            "object_id": "22",
            "object_repr": "tufanbaid186@gmail.com",
            "action_flag": 2,
            "change_message": "[{\"changed\": {\"fields\": [\"Role\"]}}]"
        }
    },
    {
        "model": "admin.logentry",
        "pk": 33,
        "fields": {
            "action_time": "2025-11-26T07:38:31.977Z",
            "user": 18,
            "content_type": 10,
            "object_id": "9",
            "object_repr": "Member 9: tufanbaid186@gmail.com -> GATC 2025 (speaker)",
            "action_flag": 1,
            "change_message": "[{\"added\": {}}]"
        }
    },
    {
        "model": "admin.logentry",
        "pk": 34,
        "fields": {
            "action_time": "2025-11-26T07:39:15.669Z",
            "user": 18,
            "content_type": 9,
            "object_id": "22",
            "object_repr": "tufanbaid186@gmail.com",
            "action_flag": 2,
            "change_message": "[{\"changed\": {\"fields\": [\"Role\"]}}]"
        }
    },
    {
        "model": "admin.logentry",
        "pk": 35,
        "fields": {
            "action_time": "2025-11-26T09:56:47.234Z",
            "user": 18,
            "content_type": 21,
            "object_id": "1",
            "object_repr": "Program 1 - fghfhf (GATC 2025)",
            "action_flag": 1,
            "change_message": "[{\"added\": {}}]"
        }
    },
    {
        "model": "admin.logentry",
        "pk": 36,
        "fields": {
            "action_time": "2025-11-26T10:32:44.762Z",
            "user": 18,
            "content_type": 21,
            "object_id": "2",
            "object_repr": "Program 2 - hgfjyfjgfnhjgh (GATC 2025)",
            "action_flag": 1,
            "change_message": "[{\"added\": {}}]"
        }
    },
    {
        "model": "admin.logentry",
        "pk": 37,
        "fields": {
            "action_time": "2025-11-26T10:42:26.120Z",
            "user": 18,
            "content_type": 21,
            "object_id": "3",
            "object_repr": "Program 3 - vbbffc bvbn (GATC 2025)",
            "action_flag": 1,
            "change_message": "[{\"added\": {}}]"
        }
    },
    {
        "model": "admin.logentry",
        "pk": 38,
        "fields": {
            "action_time": "2025-11-26T10:48:47.120Z",
            "user": 18,
            "content_type": 21,
            "object_id": "4",
            "object_repr": "Program 4 - hgfjyfjgfnhjgh (GATC 2025)",
            "action_flag": 1,
            "change_message": "[{\"added\": {}}]"
        }
    },
    {
        "model": "admin.logentry",
        "pk": 39,
        "fields": {
            "action_time": "2025-11-26T10:57:43.572Z",
            "user": 18,
            "content_type": 21,
            "object_id": "5",
            "object_repr": "Program 5 - fghfhf (GATC 2025)",
            "action_flag": 1,
            "change_message": "[{\"added\": {}}]"
        }
    },
    {
        "model": "admin.logentry",
        "pk": 40,
        "fields": {
            "action_time": "2025-11-26T10:58:28.588Z",
            "user": 18,
            "content_type": 21,
            "object_id": "6",
            "object_repr": "Program 6 - hgfjyfjgfnhjgh (GATC 2026)",
            "action_flag": 1,
            "change_message": "[{\"added\": {}}]"
        }
    },
    {
        "model": "admin.logentry",
        "pk": 41,
        "fields": {
            "action_time": "2025-11-26T11:32:14.765Z",
            "user": 18,
            "content_type": 9,
            "object_id": "24",
            "object_repr": "tufanbaid188@gmail.com",
            "action_flag": 1,
            "change_message": "[{\"added\": {}}]"
        }
    },
    {
        "model": "admin.logentry",
        "pk": 42,
        "fields": {
            "action_time": "2025-11-26T11:32:25.050Z",
            "user": 18,
            "content_type": 9,
            "object_id": "24",
            "object_repr": "tufanbaid188@gmail.com",
            "action_flag": 2,
            "change_message": "[{\"changed\": {\"fields\": [\"First name\", \"Last name\"]}}]"
        }
    },
    {
        "model": "admin.logentry",
        "pk": 43,
        "fields": {
            "action_time": "2025-11-27T07:08:39.595Z",
            "user": 18,
            "content_type": 9,
            "object_id": "18",
            "object_repr": "tufanbaid@gmail.com",
            "action_flag": 2,
            "change_message": "[{\"changed\": {\"fields\": [\"First name\", \"Last name\", \"Profile image\"]}}]"
        }
    },
    {
        "model": "admin.logentry",
        "pk": 44,
        "fields": {
            "action_time": "2025-11-27T09:14:17.915Z",
            "user": 18,
            "content_type": 21,
            "object_id": "7",
            "object_repr": "Program 7 - MyNeuron (GATC 2025)",
            "action_flag": 1,
            "change_message": "[{\"added\": {}}]"
        }
    },
    {
        "model": "admin.logentry",
        "pk": 45,
        "fields": {
            "action_time": "2025-11-27T09:15:25.334Z",
            "user": 18,
            "content_type": 21,
            "object_id": "8",
            "object_repr": "Program 8 - GATC (GATC 2025)",
            "action_flag": 1,
            "change_message": "[{\"added\": {}}]"
        }
    },
    {
        "model": "admin.logentry",
        "pk": 46,
        "fields": {
            "action_time": "2025-11-27T09:16:19.147Z",
            "user": 18,
            "content_type": 21,
            "object_id": "9",
            "object_repr": "Program 9 - MyNeuron (GATC 2025)",
            "action_flag": 1,
            "change_message": "[{\"added\": {}}]"
        }
    },
    {
        "model": "admin.logentry",
        "pk": 47,
        "fields": {
            "action_time": "2025-11-27T09:17:59.501Z",
            "user": 18,
            "content_type": 21,
            "object_id": "10",
            "object_repr": "Program 10 - GATC (GATC 2025)",
            "action_flag": 1,
            "change_message": "[{\"added\": {}}]"
        }
    },
    {
        "model": "admin.logentry",
        "pk": 48,
        "fields": {
            "action_time": "2025-11-27T12:14:04.912Z",
            "user": 18,
            "content_type": 9,
            "object_id": "18",
            "object_repr": "tufanbaid@gmail.com",
            "action_flag": 2,
            "change_message": "[]"
        }
    },
    {
        "model": "admin.logentry",
        "pk": 49,
        "fields": {
            "action_time": "2025-11-27T12:16:34.977Z",
            "user": 18,
            "content_type": 9,
            "object_id": "17",
            "object_repr": "tufanbaid182@gmail.com",
            "action_flag": 2,
            "change_message": "[{\"changed\": {\"fields\": [\"User permissions\"]}}]"
        }
    },
    {
        "model": "admin.logentry",
        "pk": 50,
        "fields": {
            "action_time": "2025-11-27T12:18:54.188Z",
            "user": 18,
            "content_type": 9,
            "object_id": "17",
            "object_repr": "tufanbaid182@gmail.com",
            "action_flag": 2,
            "change_message": "[{\"changed\": {\"fields\": [\"User permissions\"]}}]"
        }
    },
    {
        "model": "admin.logentry",
        "pk": 51,
        "fields": {
            "action_time": "2025-11-28T06:31:44.851Z",
            "user": 18,
            "content_type": 9,
            "object_id": "23",
            "object_repr": "tufanbaid187@gmail.com",
            "action_flag": 2,
            "change_message": "[{\"changed\": {\"fields\": [\"Role\"]}}]"
        }
    },
    {
        "model": "admin.logentry",
        "pk": 52,
        "fields": {
            "action_time": "2025-11-28T06:31:57.929Z",
            "user": 18,
            "content_type": 9,
            "object_id": "17",
            "object_repr": "tufanbaid182@gmail.com",
            "action_flag": 2,
            "change_message": "[{\"changed\": {\"fields\": [\"Role\"]}}]"
        }
    },
    {
        "model": "authtoken.token",
        "pk": "1524f323c5aab4ec331520d1d932e96d061b3966",
        "fields": {
            "user": 16,
            "created": "2025-11-11T11:21:50.345Z"
        }
    },
    {
        "model": "authtoken.token",
        "pk": "421e5dc24ee8b54f803ada3852ca0c4f6745c45a",
        "fields": {
            "user": 23,
            "created": "2025-11-25T12:58:14.854Z"
        }
    },
    {
        "model": "authtoken.token",
        "pk": "4b2f202895337507465ba39cc738b3466075c262",
        "fields": {
            "user": 19,
            "created": "2025-11-17T11:07:30.128Z"
        }
    },
    {
        "model": "authtoken.token",
        "pk": "6557d31cf006c2c03b2c3d18390e61053b864d6a",
        "fields": {
            "user": 17,
            "created": "2025-11-14T11:34:29.665Z"
        }
    },
    {
        "model": "authtoken.token",
        "pk": "68e8dc645ea2a41057c8603f2e6fd627f8ba8cf6",
        "fields": {
            "user": 22,
            "created": "2025-11-25T12:46:23.435Z"
        }
    },
    {
        "model": "authtoken.token",
        "pk": "7d8485016ba49622d528cd17435e2185957b1486",
        "fields": {
            "user": 20,
            "created": "2025-11-25T08:52:16.409Z"
        }
    },
    {
        "model": "authtoken.token",
        "pk": "7f8186b6fd331eb60789fc782d924c6f22ccf77c",
        "fields": {
            "user": 21,
            "created": "2025-11-26T11:17:49.049Z"
        }
    },
    {
        "model": "authtoken.token",
        "pk": "ff2ca5d097f25969f075007f45a7a7a66a07f197",
        "fields": {
            "user": 15,
            "created": "2025-11-11T06:01:58.246Z"
        }
    },
    {
        "model": "accounts.user",
        "pk": 15,
        "fields": {
            "password": "pbkdf2_sha256$1000000$jiNDZAbJ8mxFasEVHZyRnP$14mEUwwJXlGjSSLEZAo/49kJgtq/pSlZ+PGL9KOlI2E=",
            "last_login": null,
            "is_superuser": true,
            "is_staff": true,
            "is_active": true,
            "date_joined": "2025-11-11T06:01:17.337Z",
            "email": "tufanbaid18@gmail.com",
            "first_name": "Tufan",
            "last_name": "Baid",
            "profile_image": "profiles/6d1b2a99-af73-4ff2-a087-d22f454ba210.jpeg",
            "role": "user",
            "groups": [],
            "user_permissions": []
        }
    },
    {
        "model": "accounts.user",
        "pk": 16,
        "fields": {
            "password": "pbkdf2_sha256$1000000$wtmml6QEUBhjPxLFZXInPO$h4KSSFVTnX4ABBIsp25rKBEn4BhoeZEJ8WWdDTWZOnI=",
            "last_login": null,
            "is_superuser": false,
            "is_staff": false,
            "is_active": true,
            "date_joined": "2025-11-11T11:21:33.931Z",
            "email": "tufanbaid181@gmail.com",
            "first_name": "Aritra",
            "last_name": "Pal",
            "profile_image": "profiles/cd641f95-ca02-481b-9b79-e4aec210ee50.png",
            "role": "user",
            "groups": [],
            "user_permissions": []
        }
    },
    {
        "model": "accounts.user",
        "pk": 17,
        "fields": {
            "password": "pbkdf2_sha256$1000000$ibljdNQRZBFl7Cv2TFTfFu$QtT8wX6cgYa9FGAat0fTER90sqXcL8a9QxtWgizgARE=",
            "last_login": null,
            "is_superuser": false,
            "is_staff": false,
            "is_active": true,
            "date_joined": "2025-11-14T11:34:17.221Z",
            "email": "tufanbaid182@gmail.com",
            "first_name": "Arup",
            "last_name": "Bera",
            "profile_image": "profiles/fafe0925-5fea-4009-8da1-c0c52a953498.png",
            "role": "user",
            "groups": [],
            "user_permissions": []
        }
    },
    {
        "model": "accounts.user",
        "pk": 18,
        "fields": {
            "password": "pbkdf2_sha256$1000000$zhncBz4NYgfIigV3HhWFqM$TIkTL4v/MBPieR4+RPNf+jUhF4iQD4VUtVC07dL93DU=",
            "last_login": "2025-12-01T11:04:44.113Z",
            "is_superuser": true,
            "is_staff": true,
            "is_active": true,
            "date_joined": "2025-11-17T10:55:34.336Z",
            "email": "tufanbaid@gmail.com",
            "first_name": "Tufan",
            "last_name": "Baid 1",
            "profile_image": "profiles/IMG_6565.jpg",
            "role": "user",
            "groups": [],
            "user_permissions": []
        }
    },
    {
        "model": "accounts.user",
        "pk": 19,
        "fields": {
            "password": "pbkdf2_sha256$1000000$cMw7Uh4BuYobBemC7QIV3p$E4gULPmhom1SLVdTMr5W8icmMUzAo6PsxNWkmh+EhLQ=",
            "last_login": null,
            "is_superuser": false,
            "is_staff": false,
            "is_active": true,
            "date_joined": "2025-11-17T11:02:33.813Z",
            "email": "tufanbaid183@gmail.com",
            "first_name": "TestUser",
            "last_name": "1",
            "profile_image": "",
            "role": "speaker",
            "groups": [],
            "user_permissions": []
        }
    },
    {
        "model": "accounts.user",
        "pk": 20,
        "fields": {
            "password": "pbkdf2_sha256$1000000$BM3ALwjfXLILqdISn9bEkg$MBXCcluXb8G0vgxuo11Ve92A9ygGGa8rCTLrBLoXPyc=",
            "last_login": null,
            "is_superuser": false,
            "is_staff": false,
            "is_active": true,
            "date_joined": "2025-11-25T08:30:51.388Z",
            "email": "tufanbaid184@gmail.com",
            "first_name": "TestUser",
            "last_name": "2",
            "profile_image": "",
            "role": "speaker",
            "groups": [],
            "user_permissions": []
        }
    },
    {
        "model": "accounts.user",
        "pk": 21,
        "fields": {
            "password": "pbkdf2_sha256$1000000$SwspnBgrVKTxDugCbsynpf$2/GYr9AGFrTzIwEwEOBybYoWzDLANsYqeHfjFYrBo/E=",
            "last_login": null,
            "is_superuser": false,
            "is_staff": false,
            "is_active": true,
            "date_joined": "2025-11-25T08:39:15.771Z",
            "email": "tufanbaid185@gmail.com",
            "first_name": "TestUser",
            "last_name": "3",
            "profile_image": "",
            "role": "speaker",
            "groups": [],
            "user_permissions": []
        }
    },
    {
        "model": "accounts.user",
        "pk": 22,
        "fields": {
            "password": "pbkdf2_sha256$1000000$NnzoaFfSpqeQVOc53wQWZJ$gGolf9yhj7Eu/lJeDjq0KYoRHYFsHACHeyApa7D/cqE=",
            "last_login": null,
            "is_superuser": false,
            "is_staff": false,
            "is_active": true,
            "date_joined": "2025-11-25T12:45:19.124Z",
            "email": "tufanbaid186@gmail.com",
            "first_name": "TestUser",
            "last_name": "4",
            "profile_image": "",
            "role": "speaker",
            "groups": [],
            "user_permissions": []
        }
    },
    {
        "model": "accounts.user",
        "pk": 23,
        "fields": {
            "password": "pbkdf2_sha256$1000000$Rstay1iYCPEaYlCLS9j5XS$ZBLuotH7+/Ii0YceMWPm4AhDu+kaNsLcrVNKfDwiC24=",
            "last_login": null,
            "is_superuser": false,
            "is_staff": false,
            "is_active": true,
            "date_joined": "2025-11-25T12:57:33.435Z",
            "email": "tufanbaid187@gmail.com",
            "first_name": "TestUser",
            "last_name": "5",
            "profile_image": "",
            "role": "speaker",
            "groups": [],
            "user_permissions": []
        }
    },
    {
        "model": "accounts.user",
        "pk": 24,
        "fields": {
            "password": "pbkdf2_sha256$1000000$hnchQhdlUu3N2vsOXUhlRZ$sLTmtDF6nQ+abz2DadghnBPOqXyo0NrO5yD8YPMv8PE=",
            "last_login": null,
            "is_superuser": false,
            "is_staff": false,
            "is_active": true,
            "date_joined": "2025-11-26T11:32:13.928Z",
            "email": "tufanbaid188@gmail.com",
            "first_name": "TestUser",
            "last_name": "6",
            "profile_image": "",
            "role": "speaker",
            "groups": [],
            "user_permissions": []
        }
    },
    {
        "model": "accounts.event",
        "pk": 10,
        "fields": {
            "name": "GATC 2025"
        }
    },
    {
        "model": "accounts.event",
        "pk": 11,
        "fields": {
            "name": "GATC 2026"
        }
    },
    {
        "model": "accounts.member",
        "pk": 7,
        "fields": {
            "user": 19,
            "event": 10,
            "role": "speaker",
            "created_at": "2025-11-24T13:02:58.188Z"
        }
    },
    {
        "model": "accounts.member",
        "pk": 8,
        "fields": {
            "user": 19,
            "event": 11,
            "role": "speaker",
            "created_at": "2025-11-24T13:03:09.689Z"
        }
    },
    {
        "model": "accounts.member",
        "pk": 9,
        "fields": {
            "user": 22,
            "event": 10,
            "role": "speaker",
            "created_at": "2025-11-26T07:38:31.975Z"
        }
    },
    {
        "model": "accounts.program",
        "pk": 7,
        "fields": {
            "event": 10,
            "speaker": 24,
            "venue": "Bhawan",
            "topic": "MyNeuron",
            "date": "2025-12-25",
            "start_time": "09:00:00",
            "end_time": "10:00:00"
        }
    },
    {
        "model": "accounts.program",
        "pk": 8,
        "fields": {
            "event": 10,
            "speaker": 24,
            "venue": "Netaji Bhawan",
            "topic": "GATC",
            "date": "2026-01-26",
            "start_time": "12:00:00",
            "end_time": "13:00:00"
        }
    },
    {
        "model": "accounts.program",
        "pk": 9,
        "fields": {
            "event": 10,
            "speaker": 20,
            "venue": "Netaji Bhawan",
            "topic": "MyNeuron",
            "date": "2025-12-25",
            "start_time": "09:00:00",
            "end_time": "10:00:00"
        }
    },
    {
        "model": "accounts.program",
        "pk": 10,
        "fields": {
            "event": 10,
            "speaker": 21,
            "venue": "Netaji Bhawan",
            "topic": "GATC",
            "date": "2025-12-25",
            "start_time": "06:00:00",
            "end_time": "08:00:00"
        }
    },
    {
        "model": "accounts.personaldetail",
        "pk": 4,
        "fields": {
            "user": 15,
            "biosketch": "I have almost 19+ years experience in Genomics & Protein based research. With an extended research experience in Stem Cell Biology & Immuno Oncology I am placed as a multidisciplinary specialist in health & disease sciences. Currently I am a researcher turned entrepreneur committed to take up the challenge of supporting researchers' and clinicians globally in simplifying research through designed product and services support along with solutions to experimental hurdles.",
            "researchgate_link": null,
            "pubmed_link": null,
            "google_scholar_link": "",
            "x_handle": "https://www.linkedin.com/in/tufan-baid-46966a237/",
            "city": "Kolkata",
            "gender": "Male",
            "country": "India",
            "dob": "2002-09-18",
            "articles_journals": null,
            "book_chapters": null
        }
    },
    {
        "model": "accounts.personaldetail",
        "pk": 5,
        "fields": {
            "user": 17,
            "biosketch": "Hii everyone",
            "researchgate_link": null,
            "pubmed_link": null,
            "google_scholar_link": null,
            "x_handle": null,
            "city": "Kolkata",
            "gender": "Male",
            "country": "India",
            "dob": "2025-11-04",
            "articles_journals": null,
            "book_chapters": null
        }
    },
    {
        "model": "accounts.personaldetail",
        "pk": 6,
        "fields": {
            "user": 16,
            "biosketch": "Hi! Welcome to Aritra's World",
            "researchgate_link": null,
            "pubmed_link": null,
            "google_scholar_link": null,
            "x_handle": null,
            "city": null,
            "gender": "Male",
            "country": null,
            "dob": null,
            "articles_journals": null,
            "book_chapters": null
        }
    },
    {
        "model": "accounts.education",
        "pk": 1,
        "fields": {
            "user": 15,
            "degree": "Graduation",
            "course_name": "B.tech",
            "end_date": "2025-11-04"
        }
    },
    {
        "model": "accounts.education",
        "pk": 2,
        "fields": {
            "user": 15,
            "degree": "Post Graduation",
            "course_name": "MBA",
            "end_date": "2028-11-23"
        }
    },
    {
        "model": "accounts.education",
        "pk": 3,
        "fields": {
            "user": 15,
            "degree": "Secondary",
            "course_name": "X",
            "end_date": "2025-10-29"
        }
    },
    {
        "model": "accounts.education",
        "pk": 4,
        "fields": {
            "user": 15,
            "degree": "Higher Secondary",
            "course_name": "XII",
            "end_date": "2025-10-28"
        }
    },
    {
        "model": "accounts.education",
        "pk": 5,
        "fields": {
            "user": 17,
            "degree": "Graduation",
            "course_name": "btech",
            "end_date": "2025-11-12"
        }
    },
    {
        "model": "accounts.education",
        "pk": 6,
        "fields": {
            "user": 17,
            "degree": "Secondary",
            "course_name": "gg",
            "end_date": "2025-11-06"
        }
    },
    {
        "model": "accounts.education",
        "pk": 7,
        "fields": {
            "user": 15,
            "degree": "PhD",
            "course_name": "",
            "end_date": null
        }
    },
    {
        "model": "accounts.education",
        "pk": 8,
        "fields": {
            "user": 15,
            "degree": "",
            "course_name": "abcdefg",
            "end_date": null
        }
    },
    {
        "model": "accounts.professionaldetail",
        "pk": 4,
        "fields": {
            "user": 15,
            "current_experience": "Backend Intern at Bencos Research Solutions Pvt. Ltd.",
            "past_experiences": "NA",
            "skill_set": "Coding",
            "languages_spoken": "English, Hindi, Bengali",
            "certifications": "certifications/download_8.png"
        }
    },
    {
        "model": "accounts.professionaldetail",
        "pk": 5,
        "fields": {
            "user": 17,
            "current_experience": "Intern",
            "past_experiences": "NA",
            "skill_set": "Coding",
            "languages_spoken": "English, Hindi, Bengali",
            "certifications": "certifications/download_8_lqfn6uC.png"
        }
    },
    {
        "model": "accounts.professionaldetail",
        "pk": 6,
        "fields": {
            "user": 16,
            "current_experience": "Graphic Designer",
            "past_experiences": "UI/UX",
            "skill_set": "Designing",
            "languages_spoken": "Bengali, Hindi",
            "certifications": ""
        }
    },
    {
        "model": "accounts.post",
        "pk": 10,
        "fields": {
            "user": 15,
            "title": "Hello GATC",
            "content": "Welcome to GATC",
            "created_at": "2025-11-11T07:01:09.960Z"
        }
    },
    {
        "model": "accounts.post",
        "pk": 11,
        "fields": {
            "user": 16,
            "title": "Fav Games",
            "content": "GTA-V and COD",
            "created_at": "2025-11-11T11:24:47.565Z"
        }
    },
    {
        "model": "accounts.post",
        "pk": 14,
        "fields": {
            "user": 15,
            "title": "hfhd",
            "content": "fghdhd",
            "created_at": "2025-11-14T11:25:43.488Z"
        }
    },
    {
        "model": "accounts.post",
        "pk": 15,
        "fields": {
            "user": 17,
            "title": "gfih",
            "content": "hiiiii",
            "created_at": "2025-11-14T11:42:00.361Z"
        }
    },
    {
        "model": "accounts.post",
        "pk": 16,
        "fields": {
            "user": 15,
            "title": "youtube",
            "content": "https://www.youtube.com/watch?v=hmHDUnzKnjY",
            "created_at": "2025-11-21T10:50:48.509Z"
        }
    },
    {
        "model": "accounts.post",
        "pk": 17,
        "fields": {
            "user": 15,
            "title": "hhhghg",
            "content": "gghgghghgh",
            "created_at": "2025-11-24T07:43:06.269Z"
        }
    },
    {
        "model": "accounts.post",
        "pk": 18,
        "fields": {
            "user": 15,
            "title": "dghfjhffj",
            "content": "ghfghfjurdhgfghfgfgffgh",
            "created_at": "2025-11-24T07:43:26.626Z"
        }
    },
    {
        "model": "accounts.post",
        "pk": 19,
        "fields": {
            "user": 15,
            "title": "iuhjgjhfhgfg",
            "content": "gfgfjgfgfgfj",
            "created_at": "2025-11-24T07:44:21.523Z"
        }
    },
    {
        "model": "accounts.post",
        "pk": 20,
        "fields": {
            "user": 16,
            "title": "fghfghf",
            "content": "fgbghgdg",
            "created_at": "2025-11-24T12:50:40.425Z"
        }
    },
    {
        "model": "accounts.post",
        "pk": 21,
        "fields": {
            "user": 15,
            "title": "gatc",
            "content": "my neuron",
            "created_at": "2025-11-27T09:11:53.554Z"
        }
    },
    {
        "model": "accounts.post",
        "pk": 22,
        "fields": {
            "user": 17,
            "title": "bvvb",
            "content": "vbvbvbv",
            "created_at": "2025-11-27T12:17:19.825Z"
        }
    },
    {
        "model": "accounts.post",
        "pk": 23,
        "fields": {
            "user": 17,
            "title": "nnghvg",
            "content": "vcvcvc",
            "created_at": "2025-11-27T12:17:29.096Z"
        }
    },
    {
        "model": "accounts.post",
        "pk": 24,
        "fields": {
            "user": 15,
            "title": "gfgfg",
            "content": "gfgdfd",
            "created_at": "2025-12-01T12:46:48.088Z"
        }
    },
    {
        "model": "accounts.post",
        "pk": 25,
        "fields": {
            "user": 15,
            "title": "vfgfgfg",
            "content": "gfgfgf",
            "created_at": "2025-12-01T12:50:40.468Z"
        }
    },
    {
        "model": "accounts.post",
        "pk": 26,
        "fields": {
            "user": 15,
            "title": " vvfgfg",
            "content": "gfgfg",
            "created_at": "2025-12-01T12:51:28.606Z"
        }
    },
    {
        "model": "accounts.post",
        "pk": 27,
        "fields": {
            "user": 15,
            "title": "fdfd",
            "content": "ghhfh",
            "created_at": "2025-12-01T12:51:39.524Z"
        }
    },
    {
        "model": "accounts.post",
        "pk": 28,
        "fields": {
            "user": 15,
            "title": "rtrtrt",
            "content": "trrt",
            "created_at": "2025-12-01T12:52:57.827Z"
        }
    },
    {
        "model": "accounts.post",
        "pk": 29,
        "fields": {
            "user": 15,
            "title": "bnghg",
            "content": "hghgh",
            "created_at": "2025-12-01T12:54:06.708Z"
        }
    },
    {
        "model": "accounts.postmedia",
        "pk": 6,
        "fields": {
            "post": 10,
            "file": "posts/media/download_7.png",
            "is_video": false
        }
    },
    {
        "model": "accounts.postmedia",
        "pk": 7,
        "fields": {
            "post": 11,
            "file": "posts/media/call_of_duty.webp",
            "is_video": false
        }
    },
    {
        "model": "accounts.postmedia",
        "pk": 8,
        "fields": {
            "post": 11,
            "file": "posts/media/GTAV-Review.jpg",
            "is_video": false
        }
    },
    {
        "model": "accounts.postmedia",
        "pk": 9,
        "fields": {
            "post": 15,
            "file": "posts/media/download_7_ndV6aIW.png",
            "is_video": false
        }
    },
    {
        "model": "accounts.postmedia",
        "pk": 10,
        "fields": {
            "post": 15,
            "file": "posts/media/download_8_Tn4294L.png",
            "is_video": false
        }
    },
    {
        "model": "accounts.postmedia",
        "pk": 11,
        "fields": {
            "post": 21,
            "file": "posts/media/36f43075-a6e9-4215-b923-80681ac0d4f0.png",
            "is_video": false
        }
    },
    {
        "model": "accounts.postmedia",
        "pk": 12,
        "fields": {
            "post": 22,
            "file": "posts/media/SF.jpg",
            "is_video": false
        }
    },
    {
        "model": "accounts.postmedia",
        "pk": 13,
        "fields": {
            "post": 24,
            "file": "posts/media/SF_zQ6OeZ4.jpg",
            "is_video": false
        }
    },
    {
        "model": "accounts.postmedia",
        "pk": 14,
        "fields": {
            "post": 25,
            "file": "posts/media/SF_5dWsxSQ.jpg",
            "is_video": false
        }
    },
    {
        "model": "accounts.like",
        "pk": 67,
        "fields": {
            "user": 16,
            "post": 11,
            "created_at": "2025-11-13T12:38:10.690Z"
        }
    },
    {
        "model": "accounts.like",
        "pk": 68,
        "fields": {
            "user": 16,
            "post": 10,
            "created_at": "2025-11-13T12:38:11.873Z"
        }
    },
    {
        "model": "accounts.like",
        "pk": 74,
        "fields": {
            "user": 15,
            "post": 11,
            "created_at": "2025-11-14T11:19:52.897Z"
        }
    },
    {
        "model": "accounts.like",
        "pk": 75,
        "fields": {
            "user": 15,
            "post": 10,
            "created_at": "2025-11-14T11:19:54.292Z"
        }
    },
    {
        "model": "accounts.like",
        "pk": 76,
        "fields": {
            "user": 17,
            "post": 14,
            "created_at": "2025-11-14T11:40:39.333Z"
        }
    },
    {
        "model": "accounts.like",
        "pk": 90,
        "fields": {
            "user": 20,
            "post": 16,
            "created_at": "2025-11-25T12:40:25.307Z"
        }
    },
    {
        "model": "accounts.like",
        "pk": 91,
        "fields": {
            "user": 20,
            "post": 18,
            "created_at": "2025-11-25T12:40:37.036Z"
        }
    },
    {
        "model": "accounts.like",
        "pk": 92,
        "fields": {
            "user": 20,
            "post": 19,
            "created_at": "2025-11-25T12:40:37.855Z"
        }
    },
    {
        "model": "accounts.like",
        "pk": 93,
        "fields": {
            "user": 16,
            "post": 19,
            "created_at": "2025-11-25T13:00:33.082Z"
        }
    },
    {
        "model": "accounts.like",
        "pk": 94,
        "fields": {
            "user": 16,
            "post": 18,
            "created_at": "2025-11-25T13:00:39.351Z"
        }
    },
    {
        "model": "accounts.like",
        "pk": 95,
        "fields": {
            "user": 16,
            "post": 17,
            "created_at": "2025-11-25T13:04:01.723Z"
        }
    },
    {
        "model": "accounts.like",
        "pk": 96,
        "fields": {
            "user": 16,
            "post": 16,
            "created_at": "2025-11-25T13:05:41.823Z"
        }
    },
    {
        "model": "accounts.like",
        "pk": 99,
        "fields": {
            "user": 15,
            "post": 19,
            "created_at": "2025-11-26T11:38:43.558Z"
        }
    },
    {
        "model": "accounts.like",
        "pk": 100,
        "fields": {
            "user": 15,
            "post": 21,
            "created_at": "2025-11-27T09:12:39.293Z"
        }
    },
    {
        "model": "accounts.like",
        "pk": 101,
        "fields": {
            "user": 15,
            "post": 23,
            "created_at": "2025-11-28T06:13:49.908Z"
        }
    },
    {
        "model": "accounts.bookmark",
        "pk": 3,
        "fields": {
            "user": 16,
            "post": 11,
            "created_at": "2025-11-12T10:56:55.231Z"
        }
    },
    {
        "model": "accounts.bookmark",
        "pk": 4,
        "fields": {
            "user": 16,
            "post": 10,
            "created_at": "2025-11-12T10:56:56.474Z"
        }
    },
    {
        "model": "accounts.bookmark",
        "pk": 7,
        "fields": {
            "user": 15,
            "post": 10,
            "created_at": "2025-11-13T12:05:07.528Z"
        }
    },
    {
        "model": "accounts.bookmark",
        "pk": 20,
        "fields": {
            "user": 17,
            "post": 14,
            "created_at": "2025-11-14T11:40:45.679Z"
        }
    },
    {
        "model": "accounts.bookmark",
        "pk": 21,
        "fields": {
            "user": 15,
            "post": 19,
            "created_at": "2025-11-25T06:22:47.003Z"
        }
    },
    {
        "model": "accounts.bookmark",
        "pk": 22,
        "fields": {
            "user": 15,
            "post": 21,
            "created_at": "2025-11-27T09:12:40.170Z"
        }
    },
    {
        "model": "accounts.comment",
        "pk": 18,
        "fields": {
            "user": 15,
            "post": 11,
            "c_content": "hiii",
            "created_at": "2025-11-13T12:12:03.032Z"
        }
    },
    {
        "model": "accounts.comment",
        "pk": 19,
        "fields": {
            "user": 15,
            "post": 10,
            "c_content": "hffddhhghgfngfgh",
            "created_at": "2025-11-13T12:12:07.665Z"
        }
    },
    {
        "model": "accounts.comment",
        "pk": 20,
        "fields": {
            "user": 15,
            "post": 11,
            "c_content": "gfdhfrshfj",
            "created_at": "2025-11-13T12:12:22.909Z"
        }
    },
    {
        "model": "accounts.comment",
        "pk": 21,
        "fields": {
            "user": 15,
            "post": 10,
            "c_content": "hiii",
            "created_at": "2025-11-13T12:14:24.978Z"
        }
    },
    {
        "model": "accounts.comment",
        "pk": 22,
        "fields": {
            "user": 16,
            "post": 11,
            "c_content": "gfdgjdfghjh",
            "created_at": "2025-11-13T12:14:59.518Z"
        }
    },
    {
        "model": "accounts.comment",
        "pk": 23,
        "fields": {
            "user": 15,
            "post": 11,
            "c_content": "cfbnxfkgnxmd",
            "created_at": "2025-11-14T09:24:27.631Z"
        }
    },
    {
        "model": "accounts.comment",
        "pk": 24,
        "fields": {
            "user": 15,
            "post": 11,
            "c_content": "dggdjhdjh",
            "created_at": "2025-11-14T11:17:31.770Z"
        }
    },
    {
        "model": "accounts.comment",
        "pk": 25,
        "fields": {
            "user": 15,
            "post": 11,
            "c_content": "fdgjdrgh",
            "created_at": "2025-11-14T11:19:00.782Z"
        }
    },
    {
        "model": "accounts.comment",
        "pk": 26,
        "fields": {
            "user": 15,
            "post": 10,
            "c_content": "fgfdjghj",
            "created_at": "2025-11-14T11:19:14.769Z"
        }
    },
    {
        "model": "accounts.comment",
        "pk": 27,
        "fields": {
            "user": 15,
            "post": 10,
            "c_content": "hgg",
            "created_at": "2025-11-14T11:19:58.152Z"
        }
    },
    {
        "model": "accounts.comment",
        "pk": 28,
        "fields": {
            "user": 15,
            "post": 10,
            "c_content": "gfgfhjty",
            "created_at": "2025-11-14T11:20:08.203Z"
        }
    },
    {
        "model": "accounts.comment",
        "pk": 29,
        "fields": {
            "user": 15,
            "post": 11,
            "c_content": "vgfgfdf",
            "created_at": "2025-11-14T11:20:30.977Z"
        }
    },
    {
        "model": "accounts.comment",
        "pk": 30,
        "fields": {
            "user": 17,
            "post": 14,
            "c_content": "fsfgshghg",
            "created_at": "2025-11-14T11:40:43.802Z"
        }
    },
    {
        "model": "accounts.comment",
        "pk": 31,
        "fields": {
            "user": 17,
            "post": 15,
            "c_content": "xfgsrdhgshdfgsh",
            "created_at": "2025-11-18T06:50:03.236Z"
        }
    },
    {
        "model": "accounts.comment",
        "pk": 32,
        "fields": {
            "user": 17,
            "post": 15,
            "c_content": "njhghgh",
            "created_at": "2025-11-18T07:00:25.408Z"
        }
    },
    {
        "model": "accounts.comment",
        "pk": 33,
        "fields": {
            "user": 17,
            "post": 15,
            "c_content": "bbhjhjh",
            "created_at": "2025-11-18T07:00:31.936Z"
        }
    },
    {
        "model": "accounts.comment",
        "pk": 34,
        "fields": {
            "user": 20,
            "post": 16,
            "c_content": "hii",
            "created_at": "2025-11-25T12:40:31.505Z"
        }
    },
    {
        "model": "accounts.comment",
        "pk": 35,
        "fields": {
            "user": 20,
            "post": 20,
            "c_content": "mnvgnvgn",
            "created_at": "2025-11-25T12:40:42.188Z"
        }
    },
    {
        "model": "accounts.comment",
        "pk": 36,
        "fields": {
            "user": 20,
            "post": 20,
            "c_content": "mnvgnvgn",
            "created_at": "2025-11-25T12:40:46.058Z"
        }
    },
    {
        "model": "accounts.comment",
        "pk": 37,
        "fields": {
            "user": 20,
            "post": 19,
            "c_content": "nbnbnmb",
            "created_at": "2025-11-25T12:40:48.995Z"
        }
    },
    {
        "model": "accounts.comment",
        "pk": 38,
        "fields": {
            "user": 16,
            "post": 19,
            "c_content": ",gxfhdsg",
            "created_at": "2025-11-25T13:00:37.031Z"
        }
    },
    {
        "model": "accounts.comment",
        "pk": 39,
        "fields": {
            "user": 16,
            "post": 18,
            "c_content": "vbbgdh",
            "created_at": "2025-11-25T13:00:41.818Z"
        }
    },
    {
        "model": "accounts.comment",
        "pk": 40,
        "fields": {
            "user": 16,
            "post": 17,
            "c_content": "ljggfgf",
            "created_at": "2025-11-25T13:04:05.202Z"
        }
    },
    {
        "model": "accounts.comment",
        "pk": 41,
        "fields": {
            "user": 16,
            "post": 16,
            "c_content": "F",
            "created_at": "2025-11-25T13:05:47.576Z"
        }
    },
    {
        "model": "accounts.comment",
        "pk": 42,
        "fields": {
            "user": 15,
            "post": 20,
            "c_content": "jdfghndfghjfd",
            "created_at": "2025-11-27T06:56:46.514Z"
        }
    },
    {
        "model": "accounts.comment",
        "pk": 43,
        "fields": {
            "user": 15,
            "post": 21,
            "c_content": "hiiio",
            "created_at": "2025-11-27T09:12:32.586Z"
        }
    },
    {
        "model": "accounts.handshakerequest",
        "pk": 13,
        "fields": {
            "sender": 15,
            "receiver": 19,
            "status": "accepted",
            "created_at": "2025-12-01T07:34:57.659Z",
            "responded_at": "2025-12-01T07:35:19.424Z"
        }
    },
    {
        "model": "accounts.handshakerequest",
        "pk": 14,
        "fields": {
            "sender": 15,
            "receiver": 20,
            "status": "accepted",
            "created_at": "2025-12-01T09:30:24.982Z",
            "responded_at": "2025-12-01T09:31:05.690Z"
        }
    },
    {
        "model": "accounts.handshakerequest",
        "pk": 15,
        "fields": {
            "sender": 15,
            "receiver": 21,
            "status": "accepted",
            "created_at": "2025-12-01T10:25:23.180Z",
            "responded_at": "2025-12-01T10:26:02.642Z"
        }
    },
    {
        "model": "accounts.handshakerequest",
        "pk": 16,
        "fields": {
            "sender": 15,
            "receiver": 22,
            "status": "pending",
            "created_at": "2025-12-01T13:06:38.564Z",
            "responded_at": null
        }
    },
    {
        "model": "accounts.notification",
        "pk": 3,
        "fields": {
            "user": 15,
            "actor": 16,
            "action": "commented on your post",
            "post": 19,
            "handshake": null,
            "is_read": false,
            "created_at": "2025-11-25T13:00:37.038Z"
        }
    },
    {
        "model": "accounts.notification",
        "pk": 4,
        "fields": {
            "user": 15,
            "actor": 16,
            "action": "commented on your post",
            "post": 18,
            "handshake": null,
            "is_read": false,
            "created_at": "2025-11-25T13:00:41.826Z"
        }
    },
    {
        "model": "accounts.notification",
        "pk": 5,
        "fields": {
            "user": 15,
            "actor": 16,
            "action": "commented on your post",
            "post": 17,
            "handshake": null,
            "is_read": false,
            "created_at": "2025-11-25T13:04:05.208Z"
        }
    },
    {
        "model": "accounts.notification",
        "pk": 6,
        "fields": {
            "user": 15,
            "actor": 16,
            "action": "liked your post",
            "post": 16,
            "handshake": null,
            "is_read": false,
            "created_at": "2025-11-25T13:05:41.831Z"
        }
    },
    {
        "model": "accounts.notification",
        "pk": 7,
        "fields": {
            "user": 15,
            "actor": 16,
            "action": "commented on your post",
            "post": 16,
            "handshake": null,
            "is_read": false,
            "created_at": "2025-11-25T13:05:47.584Z"
        }
    },
    {
        "model": "accounts.notification",
        "pk": 10,
        "fields": {
            "user": 16,
            "actor": 15,
            "action": "liked your post",
            "post": 20,
            "handshake": null,
            "is_read": false,
            "created_at": "2025-11-26T11:38:37.546Z"
        }
    },
    {
        "model": "accounts.notification",
        "pk": 11,
        "fields": {
            "user": 16,
            "actor": 15,
            "action": "liked your post",
            "post": 20,
            "handshake": null,
            "is_read": false,
            "created_at": "2025-11-26T11:38:38.686Z"
        }
    },
    {
        "model": "accounts.notification",
        "pk": 12,
        "fields": {
            "user": 16,
            "actor": 15,
            "action": "commented on your post",
            "post": 20,
            "handshake": null,
            "is_read": false,
            "created_at": "2025-11-27T06:56:46.520Z"
        }
    },
    {
        "model": "accounts.notification",
        "pk": 14,
        "fields": {
            "user": 17,
            "actor": 15,
            "action": "liked your post",
            "post": 23,
            "handshake": null,
            "is_read": false,
            "created_at": "2025-11-28T06:13:49.921Z"
        }
    },
    {
        "model": "accounts.notification",
        "pk": 15,
        "fields": {
            "user": 15,
            "actor": 19,
            "action": "accepted your handshake request",
            "post": null,
            "handshake": 13,
            "is_read": false,
            "created_at": "2025-12-01T07:35:19.431Z"
        }
    },
    {
        "model": "accounts.notification",
        "pk": 16,
        "fields": {
            "user": 15,
            "actor": 20,
            "action": "accepted your handshake request",
            "post": null,
            "handshake": 14,
            "is_read": false,
            "created_at": "2025-12-01T09:31:05.697Z"
        }
    },
    {
        "model": "accounts.notification",
        "pk": 17,
        "fields": {
            "user": 15,
            "actor": 21,
            "action": "accepted your handshake request",
            "post": null,
            "handshake": 15,
            "is_read": false,
            "created_at": "2025-12-01T10:26:02.651Z"
        }
    },
    {
        "model": "accounts.message",
        "pk": 17,
        "fields": {
            "sender": 15,
            "receiver": 17,
            "content": "hii",
            "timestamp": "2025-12-01T07:34:31.386Z",
            "is_read": false
        }
    },
    {
        "model": "accounts.message",
        "pk": 18,
        "fields": {
            "sender": 15,
            "receiver": 18,
            "content": "hiii",
            "timestamp": "2025-12-01T10:28:43.953Z",
            "is_read": false
        }
    },
    {
        "model": "accounts.message",
        "pk": 19,
        "fields": {
            "sender": 15,
            "receiver": 17,
            "content": "bfgfg",
            "timestamp": "2025-12-01T10:29:21.462Z",
            "is_read": false
        }
    },
    {
        "model": "accounts.folder",
        "pk": 12,
        "fields": {
            "user": 15,
            "name": "My Projects",
            "parent": null,
            "created_at": "2025-11-28T10:50:40.844Z"
        }
    },
    {
        "model": "accounts.folder",
        "pk": 13,
        "fields": {
            "user": 15,
            "name": "My Projects1",
            "parent": 12,
            "created_at": "2025-11-28T10:51:07.330Z"
        }
    },
    {
        "model": "accounts.folder",
        "pk": 17,
        "fields": {
            "user": 15,
            "name": "Test Folder 2",
            "parent": null,
            "created_at": "2025-12-01T09:02:18.392Z"
        }
    },
    {
        "model": "accounts.folder",
        "pk": 18,
        "fields": {
            "user": 15,
            "name": "Test Folder",
            "parent": 17,
            "created_at": "2025-12-01T09:02:27.463Z"
        }
    },
    {
        "model": "accounts.folder",
        "pk": 26,
        "fields": {
            "user": 15,
            "name": "My Projects",
            "parent": null,
            "created_at": "2025-12-01T09:15:07.231Z"
        }
    },
    {
        "model": "accounts.folder",
        "pk": 27,
        "fields": {
            "user": 15,
            "name": "New Folder 10",
            "parent": null,
            "created_at": "2025-12-01T10:31:10.764Z"
        }
    },
    {
        "model": "accounts.folder",
        "pk": 28,
        "fields": {
            "user": 15,
            "name": "New Folder 11",
            "parent": 13,
            "created_at": "2025-12-01T10:31:43.460Z"
        }
    },
    {
        "model": "accounts.folderitem",
        "pk": 1,
        "fields": {
            "folder": 13,
            "user": 15,
            "url": "https://react.dev/",
            "title": "React Docs",
            "created_at": "2025-11-28T10:53:11.785Z"
        }
    },
    {
        "model": "accounts.folderitem",
        "pk": 2,
        "fields": {
            "folder": 13,
            "user": 15,
            "url": "https://react.dev/",
            "title": "React Docs1",
            "created_at": "2025-11-28T10:55:16.894Z"
        }
    },
    {
        "model": "accounts.folderitem",
        "pk": 3,
        "fields": {
            "folder": 12,
            "user": 15,
            "url": "https://react.dev/",
            "title": "React Docs2",
            "created_at": "2025-11-28T11:03:17.080Z"
        }
    },
    {
        "model": "accounts.folderitem",
        "pk": 4,
        "fields": {
            "folder": 13,
            "user": 15,
            "url": "https://morth.nic.in/sites/default/files/dd12-13_0.pdf",
            "title": "TestDoc",
            "created_at": "2025-12-01T07:44:34.646Z"
        }
    },
    {
        "model": "accounts.folderitem",
        "pk": 5,
        "fields": {
            "folder": 12,
            "user": 15,
            "url": "https://morth.nic.in/sites/default/files/dd12-13_0.pdf",
            "title": "test 2",
            "created_at": "2025-12-01T08:11:17.588Z"
        }
    },
    {
        "model": "accounts.folderitem",
        "pk": 6,
        "fields": {
            "folder": 18,
            "user": 15,
            "url": "https://morth.nic.in/sites/default/files/dd12-13_0.pdf",
            "title": "Test File 5",
            "created_at": "2025-12-01T09:02:50.250Z"
        }
    },
    {
        "model": "accounts.folderitem",
        "pk": 7,
        "fields": {
            "folder": 12,
            "user": 15,
            "url": "https://morth.nic.in/sites/default/files/dd12-13_0.pdf",
            "title": "cvcbv",
            "created_at": "2025-12-01T10:30:55.667Z"
        }
    }
]